sa3,LFSP Labour Force Status,"Employed, worked full-time","Employed, worked part-time","Employed, away from work","Unemployed, looking for full-time work","Unemployed, looking for part-time work",Not in the labour force,Not stated,Not applicable
20601,0-4 years,0,0,0,0,0,0,0,4663
,5-9 years,0,0,0,0,0,0,0,3983
,10-14 years,0,0,0,0,0,0,0,3284
,15-19 years,114,907,49,66,292,1749,159,0
,20-24 years,1878,2968,207,242,431,1672,437,0
,25-29 years,5639,2590,336,338,247,1247,665,0
,30-34 years,5820,1840,443,204,127,975,645,0
,35-39 years,4293,1735,340,184,82,863,474,0
,40-44 years,3270,1473,207,180,89,756,335,0
,45-49 years,2980,1203,155,127,83,717,286,0
,50-54 years,2366,950,151,115,54,786,268,0
,55-59 years,1708,855,107,90,46,1045,227,0
,60-64 years,916,653,74,72,55,1348,192,0
,65-69 years,336,336,51,9,10,1831,158,0
,70-74 years,75,111,17,0,7,1731,129,0
,75-79 years,23,32,8,0,3,1819,133,0
,80-84 years,3,13,5,0,0,1491,120,0
,85-89 years,4,0,0,0,0,1039,80,0
,90-94 years,0,0,0,0,0,399,37,0
,95-99 years,6,0,0,0,0,85,8,0
,100 years and over,0,0,0,0,0,19,4,0
20602,0-4 years,0,0,0,0,0,0,0,2977
,5-9 years,0,0,0,0,0,0,0,2903
,10-14 years,0,0,0,0,0,0,0,2556
,15-19 years,53,619,34,28,192,1144,100,0
,20-24 years,908,1392,119,113,142,623,215,0
,25-29 years,2809,1207,160,127,86,437,354,0
,30-34 years,3098,1047,224,103,57,408,377,0
,35-39 years,2446,1042,211,89,43,423,307,0
,40-44 years,2250,1100,116,91,48,460,263,0
,45-49 years,2134,1021,112,78,62,455,221,0
,50-54 years,1627,808,95,50,32,451,167,0
,55-59 years,1229,606,80,51,38,543,152,0
,60-64 years,612,456,57,30,24,795,121,0
,65-69 years,206,194,32,0,11,1142,103,0
,70-74 years,32,76,5,0,8,1055,93,0
,75-79 years,19,23,6,0,0,1154,94,0
,80-84 years,4,9,3,3,0,986,91,0
,85-89 years,3,0,0,0,0,646,76,0
,90-94 years,0,0,0,0,0,256,27,0
,95-99 years,3,0,0,0,0,59,0,0
,100 years and over,0,0,0,0,0,3,0,0
20603,0-4 years,0,0,0,0,0,0,0,3793
,5-9 years,0,0,0,0,0,0,0,3704
,10-14 years,0,0,0,0,0,0,0,3432
,15-19 years,105,1127,66,37,265,1810,191,0
,20-24 years,1411,1925,170,156,249,943,325,0
,25-29 years,3305,1178,195,234,136,752,505,0
,30-34 years,3619,920,300,166,92,692,466,0
,35-39 years,2665,945,222,114,51,592,335,0
,40-44 years,2544,1042,151,99,56,601,331,0
,45-49 years,2600,1052,120,128,52,582,298,0
,50-54 years,2259,861,115,89,49,573,231,0
,55-59 years,1850,797,101,66,46,853,229,0
,60-64 years,966,715,93,46,39,1210,207,0
,65-69 years,319,392,46,9,17,1632,168,0
,70-74 years,77,110,23,0,4,1354,129,0
,75-79 years,20,41,6,0,0,1216,112,0
,80-84 years,10,11,3,0,0,1045,122,0
,85-89 years,0,8,4,0,0,798,95,0
,90-94 years,0,0,0,0,0,415,44,0
,95-99 years,3,4,0,0,0,92,12,0
,100 years and over,0,0,0,0,0,6,0,0
20604,0-4 years,0,0,0,0,0,0,0,4387
,5-9 years,0,0,0,0,0,0,0,2466
,10-14 years,0,0,0,0,0,0,0,1873
,15-19 years,145,1291,231,51,1108,6816,963,0
,20-24 years,3388,5447,606,589,2492,14403,2840,0
,25-29 years,11143,4950,590,870,802,5117,2779,0
,30-34 years,9939,2658,581,460,274,2240,2021,0
,35-39 years,5311,1415,366,256,138,1145,1192,0
,40-44 years,3288,888,169,175,88,846,764,0
,45-49 years,2680,720,150,152,53,746,628,0
,50-54 years,2258,665,127,122,61,817,606,0
,55-59 years,1767,628,130,89,60,965,529,0
,60-64 years,1105,620,91,56,38,1270,456,0
,65-69 years,514,473,58,10,20,1668,433,0
,70-74 years,208,253,22,10,9,1297,297,0
,75-79 years,60,100,12,0,0,996,204,0
,80-84 years,18,31,12,0,0,697,162,0
,85-89 years,10,12,0,0,0,502,185,0
,90-94 years,0,6,0,0,0,247,116,0
,95-99 years,8,0,0,0,0,78,56,0
,100 years and over,0,0,0,0,0,13,8,0
20605,0-4 years,0,0,0,0,0,0,0,4898
,5-9 years,0,0,0,0,0,0,0,3831
,10-14 years,0,0,0,0,0,0,0,3063
,15-19 years,104,675,53,23,198,1620,221,0
,20-24 years,2206,1949,156,190,252,1132,671,0
,25-29 years,7604,1947,347,297,169,933,1425,0
,30-34 years,8503,1651,535,262,110,963,1511,0
,35-39 years,5998,1417,382,187,97,866,995,0
,40-44 years,4632,1348,253,215,97,815,803,0
,45-49 years,4007,1287,175,198,67,887,718,0
,50-54 years,3109,1092,147,195,80,918,613,0
,55-59 years,2465,1063,124,131,71,1175,611,0
,60-64 years,1304,913,125,94,57,1620,445,0
,65-69 years,618,667,65,21,29,2272,431,0
,70-74 years,213,323,30,7,16,1975,283,0
,75-79 years,46,108,16,3,3,1537,205,0
,80-84 years,13,23,0,0,0,1084,154,0
,85-89 years,8,8,6,0,0,756,105,0
,90-94 years,3,0,0,0,0,366,53,0
,95-99 years,0,0,0,0,0,91,9,0
,100 years and over,0,0,0,0,0,16,0,0
20606,0-4 years,0,0,0,0,0,0,0,2274
,5-9 years,0,0,0,0,0,0,0,1815
,10-14 years,0,0,0,0,0,0,0,1694
,15-19 years,84,477,31,25,132,1290,186,0
,20-24 years,1836,1718,162,111,291,1268,482,0
,25-29 years,6221,1444,226,188,106,640,954,0
,30-34 years,5599,1027,315,171,63,541,809,0
,35-39 years,3144,651,148,114,39,463,473,0
,40-44 years,2100,618,96,99,43,477,321,0
,45-49 years,1914,548,78,107,47,493,296,0
,50-54 years,1570,535,74,54,34,539,265,0
,55-59 years,1266,566,74,67,37,668,251,0
,60-64 years,837,556,59,32,27,968,243,0
,65-69 years,510,550,46,3,24,1372,229,0
,70-74 years,194,314,45,3,8,1395,173,0
,75-79 years,69,135,11,0,0,1364,182,0
,80-84 years,26,51,7,0,0,1043,155,0
,85-89 years,6,22,9,0,0,692,105,0
,90-94 years,0,13,4,0,0,322,60,0
,95-99 years,5,0,0,0,0,82,18,0
,100 years and over,0,0,0,0,0,12,4,0
20607,0-4 years,0,0,0,0,0,0,0,4024
,5-9 years,0,0,0,0,0,0,0,3183
,10-14 years,0,0,0,0,0,0,0,2585
,15-19 years,80,725,52,42,189,1427,233,0
,20-24 years,2125,2355,205,194,330,1222,674,0
,25-29 years,8729,2291,388,280,194,1029,1298,0
,30-34 years,8124,1662,438,241,107,798,1105,0
,35-39 years,4750,1224,360,199,73,807,700,0
,40-44 years,3256,1060,196,151,96,748,523,0
,45-49 years,2757,994,125,160,77,771,468,0
,50-54 years,2322,770,135,132,53,772,433,0
,55-59 years,1795,786,88,105,58,978,398,0
,60-64 years,1028,704,90,67,44,1311,351,0
,65-69 years,477,530,51,13,24,1785,292,0
,70-74 years,131,245,26,0,12,1564,216,0
,75-79 years,31,55,7,4,5,1300,168,0
,80-84 years,6,18,0,0,0,1024,139,0
,85-89 years,9,10,0,0,0,598,90,0
,90-94 years,0,0,3,0,0,254,33,0
,95-99 years,4,5,0,0,0,55,14,0
,100 years and over,0,0,0,0,0,5,0,0
20701,0-4 years,0,0,0,0,0,0,0,7742
,5-9 years,0,0,0,0,0,0,0,10047
,10-14 years,0,0,0,0,0,0,0,11019
,15-19 years,165,3059,191,42,777,7289,391,0
,20-24 years,2977,5242,410,265,741,3120,591,0
,25-29 years,6766,2342,386,354,254,1448,694,0
,30-34 years,6010,1662,482,234,119,1231,568,0
,35-39 years,5311,1909,403,205,118,1375,461,0
,40-44 years,5831,2474,269,183,156,1528,509,0
,45-49 years,6642,2771,282,257,154,1686,531,0
,50-54 years,6351,2566,300,228,116,1688,537,0
,55-59 years,4952,2197,265,185,114,2072,444,0
,60-64 years,2938,1963,222,117,103,3003,408,0
,65-69 years,1243,1581,147,30,45,4495,383,0
,70-74 years,420,806,77,9,19,4355,339,0
,75-79 years,116,269,39,5,7,3784,287,0
,80-84 years,32,96,17,0,3,3090,284,0
,85-89 years,8,46,11,0,5,2484,211,0
,90-94 years,7,11,4,0,0,1435,138,0
,95-99 years,0,0,0,0,0,374,38,0
,100 years and over,0,0,0,0,0,52,8,0
20702,0-4 years,0,0,0,0,0,0,0,4404
,5-9 years,0,0,0,0,0,0,0,4950
,10-14 years,0,0,0,0,0,0,0,4692
,15-19 years,104,1388,70,46,435,3311,141,0
,20-24 years,1371,1948,170,192,291,1402,165,0
,25-29 years,2867,985,210,212,109,876,241,0
,30-34 years,2878,916,256,161,74,841,192,0
,35-39 years,2774,1090,207,120,89,950,188,0
,40-44 years,2921,1245,143,150,97,951,173,0
,45-49 years,3157,1451,148,144,88,994,211,0
,50-54 years,3034,1492,135,150,103,1060,227,0
,55-59 years,2464,1256,159,130,82,1476,204,0
,60-64 years,1501,1080,111,73,56,2099,198,0
,65-69 years,613,742,83,17,26,3358,206,0
,70-74 years,226,404,44,7,8,3752,227,0
,75-79 years,68,165,22,0,3,3768,270,0
,80-84 years,18,53,4,3,0,2756,236,0
,85-89 years,3,17,5,0,0,1717,190,0
,90-94 years,0,0,0,0,0,711,97,0
,95-99 years,0,0,0,0,0,179,31,0
,100 years and over,0,0,0,0,0,28,17,0
20703,0-4 years,0,0,0,0,0,0,0,5265
,5-9 years,0,0,0,0,0,0,0,5587
,10-14 years,0,0,0,0,0,0,0,5589
,15-19 years,160,1806,122,49,591,3941,243,0
,20-24 years,1580,3031,219,226,707,3540,368,0
,25-29 years,3428,1744,240,299,271,1747,340,0
,30-34 years,3557,1307,287,221,146,1083,294,0
,35-39 years,3076,1404,246,146,104,949,213,0
,40-44 years,3455,1627,152,135,93,1047,229,0
,45-49 years,3674,1722,174,152,97,996,256,0
,50-54 years,3277,1353,158,138,63,996,248,0
,55-59 years,2660,1285,153,133,76,1337,241,0
,60-64 years,1337,1074,117,66,69,2023,196,0
,65-69 years,443,651,65,13,23,2865,204,0
,70-74 years,132,315,33,0,6,2864,202,0
,75-79 years,30,114,6,0,0,2864,210,0
,80-84 years,7,31,10,0,0,2522,214,0
,85-89 years,5,13,11,0,0,1875,204,0
,90-94 years,0,0,0,0,0,820,136,0
,95-99 years,0,0,0,0,0,135,51,0
,100 years and over,0,0,0,0,0,22,4,0
20801,0-4 years,0,0,0,0,0,0,0,4993
,5-9 years,0,0,0,0,0,0,0,6575
,10-14 years,0,0,0,0,0,0,0,6854
,15-19 years,134,1759,113,28,403,3526,220,0
,20-24 years,1249,2122,148,126,207,820,244,0
,25-29 years,2220,656,137,88,46,403,214,0
,30-34 years,2376,709,227,92,43,519,265,0
,35-39 years,2783,1107,255,73,45,753,250,0
,40-44 years,3832,1639,193,104,114,899,370,0
,45-49 years,4589,1916,180,122,94,1003,404,0
,50-54 years,4151,1644,200,144,72,966,376,0
,55-59 years,3260,1622,183,120,67,1281,343,0
,60-64 years,1807,1353,165,65,59,2004,305,0
,65-69 years,811,1099,111,18,40,3046,274,0
,70-74 years,245,561,52,6,22,3166,272,0
,75-79 years,80,182,16,5,3,2546,196,0
,80-84 years,14,55,10,0,0,2063,184,0
,85-89 years,0,25,7,0,0,1854,197,0
,90-94 years,6,6,4,0,0,1045,136,0
,95-99 years,4,0,0,0,0,264,40,0
,100 years and over,0,0,0,0,0,31,9,0
20802,0-4 years,0,0,0,0,0,0,0,9079
,5-9 years,0,0,0,0,0,0,0,9435
,10-14 years,0,0,0,0,0,0,0,8572
,15-19 years,157,2159,127,60,555,4859,267,0
,20-24 years,2096,3582,267,287,628,3128,491,0
,25-29 years,5876,2320,360,393,284,1705,620,0
,30-34 years,6714,2090,589,291,154,1347,628,0
,35-39 years,5766,2207,451,205,102,1259,503,0
,40-44 years,6056,2451,257,213,148,1212,474,0
,45-49 years,5839,2617,258,217,130,1206,455,0
,50-54 years,5030,2071,227,220,114,1173,408,0
,55-59 years,4013,1917,239,175,78,1696,374,0
,60-64 years,2359,1672,196,99,97,2556,338,0
,65-69 years,973,1192,108,20,34,3922,318,0
,70-74 years,223,517,52,9,23,3366,250,0
,75-79 years,63,152,23,3,6,3233,266,0
,80-84 years,28,84,14,0,0,2746,221,0
,85-89 years,7,26,14,4,0,2328,216,0
,90-94 years,0,4,7,0,0,1289,132,0
,95-99 years,0,0,0,0,0,314,30,0
,100 years and over,0,0,0,0,0,27,4,0
20803,0-4 years,0,0,0,0,0,0,0,7197
,5-9 years,0,0,0,0,0,0,0,7423
,10-14 years,0,0,0,0,0,0,0,6661
,15-19 years,319,2070,145,91,495,2939,211,0
,20-24 years,2117,2241,203,214,235,947,301,0
,25-29 years,4022,1059,268,204,78,706,389,0
,30-34 years,4496,1324,439,134,69,932,387,0
,35-39 years,4612,1871,396,155,92,1073,443,0
,40-44 years,5130,2235,297,175,120,1011,410,0
,45-49 years,5113,2148,262,193,92,1006,424,0
,50-54 years,4381,1723,220,170,90,1045,352,0
,55-59 years,3442,1564,216,140,81,1414,304,0
,60-64 years,2016,1334,178,84,79,2308,345,0
,65-69 years,687,796,100,23,29,3642,342,0
,70-74 years,157,338,44,4,12,3550,296,0
,75-79 years,38,114,24,0,7,3015,337,0
,80-84 years,12,29,4,0,0,2454,302,0
,85-89 years,0,21,7,0,0,1742,361,0
,90-94 years,0,0,3,0,0,789,187,0
,95-99 years,6,3,0,0,0,174,61,0
,100 years and over,0,0,0,0,0,17,5,0
20804,0-4 years,0,0,0,0,0,0,0,2077
,5-9 years,0,0,0,0,0,0,0,2496
,10-14 years,0,0,0,0,0,0,0,2505
,15-19 years,30,615,39,16,157,1523,82,0
,20-24 years,702,1254,112,71,233,1158,169,0
,25-29 years,1903,623,99,122,86,497,212,0
,30-34 years,1692,477,119,76,39,286,140,0
,35-39 years,1514,529,106,53,26,286,131,0
,40-44 years,1557,571,64,44,32,307,124,0
,45-49 years,1616,658,69,62,30,384,114,0
,50-54 years,1472,550,54,46,28,349,129,0
,55-59 years,1146,498,48,48,20,439,112,0
,60-64 years,678,476,49,24,16,706,87,0
,65-69 years,302,400,28,9,13,1020,94,0
,70-74 years,101,194,16,0,3,1038,77,0
,75-79 years,30,70,8,0,4,991,90,0
,80-84 years,12,22,3,0,0,776,77,0
,85-89 years,4,5,4,0,0,608,62,0
,90-94 years,0,6,0,0,0,302,33,0
,95-99 years,0,0,0,0,0,87,3,0
,100 years and over,0,0,0,0,0,8,0,0
20901,0-4 years,0,0,0,0,0,0,0,7743
,5-9 years,0,0,0,0,0,0,0,7592
,10-14 years,0,0,0,0,0,0,0,6676
,15-19 years,293,2010,127,95,559,3511,239,0
,20-24 years,2164,2648,227,252,337,1478,312,0
,25-29 years,4342,1477,275,262,146,1036,355,0
,30-34 years,4500,1528,496,177,105,1124,426,0
,35-39 years,4411,2015,380,157,112,1166,359,0
,40-44 years,4540,2231,269,175,115,1100,350,0
,45-49 years,4456,1997,212,169,88,1084,359,0
,50-54 years,4097,1815,214,156,93,1143,336,0
,55-59 years,3567,1764,247,135,91,1541,314,0
,60-64 years,2117,1554,198,82,56,2583,289,0
,65-69 years,807,934,114,25,34,4292,326,0
,70-74 years,193,359,36,5,10,4101,281,0
,75-79 years,42,118,21,0,0,3242,252,0
,80-84 years,10,54,11,0,0,2445,258,0
,85-89 years,6,12,4,3,0,1774,241,0
,90-94 years,0,5,0,0,0,828,152,0
,95-99 years,0,3,0,0,0,166,44,0
,100 years and over,0,0,0,0,0,12,3,0
20902,0-4 years,0,0,0,0,0,0,0,5858
,5-9 years,0,0,0,0,0,0,0,4981
,10-14 years,0,0,0,0,0,0,0,4166
,15-19 years,143,1211,136,87,417,2469,306,0
,20-24 years,1506,2502,276,267,535,2198,550,0
,25-29 years,3809,1889,289,361,270,1743,671,0
,30-34 years,4299,1668,342,299,162,1504,667,0
,35-39 years,3474,1566,277,238,122,1217,482,0
,40-44 years,3172,1508,211,177,121,1079,417,0
,45-49 years,2984,1402,175,172,109,1119,449,0
,50-54 years,2405,1059,159,175,65,1169,347,0
,55-59 years,1854,902,132,121,63,1483,318,0
,60-64 years,946,658,96,91,45,1790,287,0
,65-69 years,296,298,48,8,14,2563,253,0
,70-74 years,73,109,21,0,0,2488,269,0
,75-79 years,12,27,13,0,6,2575,254,0
,80-84 years,9,12,6,0,0,2146,279,0
,85-89 years,4,4,0,0,0,1450,255,0
,90-94 years,3,0,5,0,0,571,164,0
,95-99 years,0,5,0,0,0,112,56,0
,100 years and over,0,0,0,0,0,13,5,0
20903,0-4 years,0,0,0,0,0,0,0,3488
,5-9 years,0,0,0,0,0,0,0,4527
,10-14 years,0,0,0,0,0,0,0,4818
,15-19 years,316,1674,92,59,357,2190,170,0
,20-24 years,1488,1553,131,137,130,545,148,0
,25-29 years,1763,531,140,98,29,330,129,0
,30-34 years,1544,614,190,59,30,433,118,0
,35-39 years,1854,977,164,51,41,427,166,0
,40-44 years,2606,1361,165,63,47,501,195,0
,45-49 years,3057,1403,171,54,51,536,203,0
,50-54 years,2847,1338,155,69,38,589,246,0
,55-59 years,2530,1287,194,69,50,831,215,0
,60-64 years,1418,1021,136,46,46,1444,176,0
,65-69 years,502,601,60,11,14,2096,159,0
,70-74 years,111,248,21,0,10,1731,127,0
,75-79 years,30,71,7,0,0,1091,87,0
,80-84 years,10,17,4,0,0,658,56,0
,85-89 years,6,9,0,0,0,386,57,0
,90-94 years,3,0,0,0,0,188,18,0
,95-99 years,3,0,0,0,0,38,7,0
,100 years and over,0,0,0,0,0,8,0,0
20904,0-4 years,0,0,0,0,0,0,0,17486
,5-9 years,0,0,0,0,0,0,0,15259
,10-14 years,0,0,0,0,0,0,0,13256
,15-19 years,710,3286,269,309,950,6665,515,0
,20-24 years,4425,4242,513,696,622,3246,733,0
,25-29 years,8184,3027,785,656,291,3006,943,0
,30-34 years,9448,3633,1018,537,279,3383,981,0
,35-39 years,8278,3368,667,432,254,2906,769,0
,40-44 years,7385,3183,447,410,232,2656,736,0
,45-49 years,7034,2916,455,384,171,2455,609,0
,50-54 years,6034,2478,418,298,138,2709,617,0
,55-59 years,4716,2138,351,227,125,3223,561,0
,60-64 years,2716,1645,283,149,103,4435,568,0
,65-69 years,752,704,125,16,30,6436,539,0
,70-74 years,142,225,42,3,3,5181,398,0
,75-79 years,44,63,14,0,4,3941,355,0
,80-84 years,14,27,9,0,0,2903,249,0
,85-89 years,0,5,9,0,0,1501,137,0
,90-94 years,4,0,0,0,0,564,60,0
,95-99 years,7,3,0,0,0,114,5,0
,100 years and over,4,0,0,0,0,15,0,0
21001,0-4 years,0,0,0,0,0,0,0,3252
,5-9 years,0,0,0,0,0,0,0,3438
,10-14 years,0,0,0,0,0,0,0,3376
,15-19 years,124,964,64,49,204,1762,103,0
,20-24 years,1087,1192,130,118,117,517,128,0
,25-29 years,1957,534,147,103,44,374,166,0
,30-34 years,1990,609,226,90,32,467,183,0
,35-39 years,2028,821,164,74,37,531,178,0
,40-44 years,2222,985,126,102,64,499,159,0
,45-49 years,2399,911,125,81,59,524,177,0
,50-54 years,2049,822,123,82,37,549,141,0
,55-59 years,1620,768,124,54,32,733,143,0
,60-64 years,924,612,115,41,28,1261,169,0
,65-69 years,353,382,51,5,11,2351,210,0
,70-74 years,107,168,24,0,0,2379,218,0
,75-79 years,28,59,14,0,0,2180,204,0
,80-84 years,10,20,3,0,0,1653,172,0
,85-89 years,0,0,0,0,0,1023,134,0
,90-94 years,0,0,3,0,0,386,78,0
,95-99 years,0,0,0,0,0,62,13,0
,100 years and over,0,0,0,0,0,3,0,0
21002,0-4 years,0,0,0,0,0,0,0,1909
,5-9 years,0,0,0,0,0,0,0,2187
,10-14 years,0,0,0,0,0,0,0,2214
,15-19 years,125,572,49,26,105,989,86,0
,20-24 years,579,446,52,51,35,189,63,0
,25-29 years,663,199,62,38,14,121,61,0
,30-34 years,765,305,90,21,7,197,71,0
,35-39 years,903,414,97,19,16,214,114,0
,40-44 years,1160,581,89,32,23,262,123,0
,45-49 years,1299,607,58,42,24,243,139,0
,50-54 years,1224,516,75,33,23,251,127,0
,55-59 years,972,483,108,39,23,377,141,0
,60-64 years,519,397,87,32,26,693,106,0
,65-69 years,247,254,36,4,10,1142,111,0
,70-74 years,63,102,14,0,7,958,92,0
,75-79 years,15,32,0,0,0,601,66,0
,80-84 years,4,7,0,0,0,336,48,0
,85-89 years,0,8,0,0,0,204,43,0
,90-94 years,0,0,3,0,0,91,27,0
,95-99 years,0,0,0,0,0,23,5,0
,100 years and over,0,0,0,0,0,6,0,0
21003,0-4 years,0,0,0,0,0,0,0,5580
,5-9 years,0,0,0,0,0,0,0,4661
,10-14 years,0,0,0,0,0,0,0,3810
,15-19 years,150,828,66,93,295,2123,185,0
,20-24 years,1283,1630,178,227,271,1094,297,0
,25-29 years,3213,1296,275,294,152,1117,428,0
,30-34 years,3665,1263,361,224,99,1269,482,0
,35-39 years,2948,1212,247,177,84,1074,405,0
,40-44 years,2455,1113,187,138,80,859,308,0
,45-49 years,2218,954,138,124,65,880,274,0
,50-54 years,1937,803,116,109,67,922,237,0
,55-59 years,1421,619,120,78,48,1051,207,0
,60-64 years,760,418,79,43,46,1285,200,0
,65-69 years,221,222,28,4,13,1854,202,0
,70-74 years,42,65,18,0,4,1853,174,0
,75-79 years,9,39,13,0,0,2187,196,0
,80-84 years,4,11,7,0,0,2088,199,0
,85-89 years,4,5,5,0,0,1546,156,0
,90-94 years,0,0,7,0,0,694,53,0
,95-99 years,0,0,0,0,0,122,8,0
,100 years and over,0,0,0,0,0,18,0,0
21004,0-4 years,0,0,0,0,0,0,0,2637
,5-9 years,0,0,0,0,0,0,0,2596
,10-14 years,0,0,0,0,0,0,0,2517
,15-19 years,213,852,54,91,217,1138,101,0
,20-24 years,1091,789,105,142,81,349,131,0
,25-29 years,1487,433,132,83,41,318,113,0
,30-34 years,1336,510,133,53,26,339,131,0
,35-39 years,1258,598,83,56,41,364,120,0
,40-44 years,1456,631,86,64,35,365,146,0
,45-49 years,1597,674,78,57,24,333,120,0
,50-54 years,1519,585,97,66,30,391,118,0
,55-59 years,1235,561,88,47,40,529,141,0
,60-64 years,690,447,70,42,29,870,125,0
,65-69 years,208,220,22,0,8,1281,118,0
,70-74 years,49,79,12,4,3,1014,90,0
,75-79 years,7,18,0,0,0,780,62,0
,80-84 years,4,9,3,0,3,550,59,0
,85-89 years,4,0,4,0,0,393,41,0
,90-94 years,0,0,0,0,0,124,13,0
,95-99 years,3,0,0,0,0,31,4,0
,100 years and over,0,0,0,0,0,0,0,0
21005,0-4 years,0,0,0,0,0,0,0,13073
,5-9 years,0,0,0,0,0,0,0,12290
,10-14 years,0,0,0,0,0,0,0,11222
,15-19 years,487,2282,203,284,883,6780,564,0
,20-24 years,3247,3266,487,704,519,3131,704,0
,25-29 years,5510,2235,580,642,249,3073,828,0
,30-34 years,5707,2223,556,455,204,3343,763,0
,35-39 years,5000,2038,449,399,206,3015,665,0
,40-44 years,4480,1990,299,374,183,2666,545,0
,45-49 years,4536,1885,319,325,184,2940,617,0
,50-54 years,4287,1713,287,268,119,2915,591,0
,55-59 years,3028,1329,229,202,116,2972,488,0
,60-64 years,1631,914,157,114,77,3486,436,0
,65-69 years,487,449,82,11,16,4209,384,0
,70-74 years,92,150,25,3,10,3411,305,0
,75-79 years,20,31,14,0,3,2416,237,0
,80-84 years,10,8,6,0,0,1579,178,0
,85-89 years,0,4,0,0,0,805,107,0
,90-94 years,0,0,0,0,0,265,24,0
,95-99 years,0,5,0,0,0,50,6,0
,100 years and over,0,0,0,0,0,6,0,0
21101,0-4 years,0,0,0,0,0,0,0,9013
,5-9 years,0,0,0,0,0,0,0,9067
,10-14 years,0,0,0,0,0,0,0,8988
,15-19 years,584,3131,232,140,773,4773,273,0
,20-24 years,3719,3378,317,425,345,1695,313,0
,25-29 years,5776,1752,397,288,136,1177,404,0
,30-34 years,5711,1887,548,250,142,1454,412,0
,35-39 years,5337,2289,402,210,147,1510,394,0
,40-44 years,5457,2566,304,215,156,1404,372,0
,45-49 years,5987,2564,280,231,147,1454,379,0
,50-54 years,6061,2407,299,232,119,1535,385,0
,55-59 years,5095,2276,322,191,116,2133,360,0
,60-64 years,3010,2003,283,151,104,3468,389,0
,65-69 years,925,1083,150,23,33,5502,348,0
,70-74 years,178,361,39,0,3,4742,278,0
,75-79 years,43,106,20,0,4,3807,254,0
,80-84 years,8,23,16,0,0,2586,258,0
,85-89 years,4,5,3,0,0,1702,202,0
,90-94 years,0,8,4,0,0,793,110,0
,95-99 years,4,0,0,0,0,200,40,0
,100 years and over,0,0,0,0,0,18,5,0
21102,0-4 years,0,0,0,0,0,0,0,1130
,5-9 years,0,0,0,0,0,0,0,1592
,10-14 years,0,0,0,0,0,0,0,1990
,15-19 years,85,676,40,17,187,1005,59,0
,20-24 years,515,686,53,35,63,278,49,0
,25-29 years,622,208,44,23,12,121,38,0
,30-34 years,534,182,61,8,11,128,43,0
,35-39 years,593,306,48,19,11,191,52,0
,40-44 years,908,455,49,19,13,221,53,0
,45-49 years,1206,604,59,25,25,285,81,0
,50-54 years,1125,495,59,33,18,260,86,0
,55-59 years,930,464,52,31,17,392,87,0
,60-64 years,533,397,44,16,8,529,65,0
,65-69 years,214,247,26,6,3,906,53,0
,70-74 years,83,114,17,0,5,842,60,0
,75-79 years,18,67,7,0,0,657,52,0
,80-84 years,3,10,3,0,0,496,41,0
,85-89 years,5,5,6,0,0,349,26,0
,90-94 years,0,0,0,0,0,178,31,0
,95-99 years,0,0,0,0,0,62,6,0
,100 years and over,0,0,0,0,0,9,0,0
21103,0-4 years,0,0,0,0,0,0,0,7306
,5-9 years,0,0,0,0,0,0,0,6854
,10-14 years,0,0,0,0,0,0,0,6355
,15-19 years,394,2272,136,103,519,3015,212,0
,20-24 years,2451,2280,233,241,205,971,219,0
,25-29 years,4088,1170,290,226,100,906,304,0
,30-34 years,4459,1596,429,181,81,1074,328,0
,35-39 years,4051,1725,315,149,96,1080,298,0
,40-44 years,4110,1900,220,171,117,1010,292,0
,45-49 years,4138,1884,199,137,82,954,276,0
,50-54 years,3945,1708,222,169,71,1001,305,0
,55-59 years,3206,1471,217,108,72,1338,278,0
,60-64 years,1870,1349,181,80,57,2218,222,0
,65-69 years,632,757,90,19,18,3610,229,0
,70-74 years,143,317,46,3,8,3529,226,0
,75-79 years,28,96,25,0,0,2665,195,0
,80-84 years,0,34,3,7,3,2130,204,0
,85-89 years,6,9,4,0,0,1415,200,0
,90-94 years,0,0,0,0,0,647,135,0
,95-99 years,4,0,0,0,0,169,29,0
,100 years and over,3,0,0,0,0,14,4,0
21104,0-4 years,0,0,0,0,0,0,0,3612
,5-9 years,0,0,0,0,0,0,0,3777
,10-14 years,0,0,0,0,0,0,0,3556
,15-19 years,118,1109,72,43,311,1756,69,0
,20-24 years,932,1315,113,106,182,697,139,0
,25-29 years,2006,733,134,109,61,502,153,0
,30-34 years,2357,795,196,114,53,621,165,0
,35-39 years,2351,967,173,81,58,579,142,0
,40-44 years,2398,1075,110,93,75,660,142,0
,45-49 years,2275,1069,106,111,63,550,143,0
,50-54 years,1953,847,100,84,40,594,112,0
,55-59 years,1581,754,91,69,40,791,114,0
,60-64 years,908,702,80,40,43,1323,101,0
,65-69 years,352,463,55,10,10,2159,98,0
,70-74 years,87,220,24,5,7,2235,119,0
,75-79 years,19,80,16,0,3,1978,119,0
,80-84 years,3,16,6,0,5,1395,124,0
,85-89 years,0,3,7,0,0,951,121,0
,90-94 years,0,0,0,0,0,406,69,0
,95-99 years,0,0,0,0,0,98,26,0
,100 years and over,0,0,0,0,0,12,7,0
21105,0-4 years,0,0,0,0,0,0,0,9105
,5-9 years,0,0,0,0,0,0,0,9709
,10-14 years,0,0,0,0,0,0,0,9493
,15-19 years,891,3023,248,177,646,4357,351,0
,20-24 years,3689,2709,305,349,240,1185,396,0
,25-29 years,5020,1519,408,211,98,1105,410,0
,30-34 years,4599,1938,521,132,101,1349,415,0
,35-39 years,4548,2308,417,142,100,1290,408,0
,40-44 years,5253,2671,354,176,125,1391,471,0
,45-49 years,5741,2626,376,163,113,1334,501,0
,50-54 years,5444,2608,426,159,94,1481,508,0
,55-59 years,4618,2582,432,159,76,2013,528,0
,60-64 years,2735,2152,338,105,86,3396,396,0
,65-69 years,1000,1211,185,19,36,5440,477,0
,70-74 years,249,460,68,6,11,4820,375,0
,75-79 years,68,156,37,5,4,3313,291,0
,80-84 years,22,37,11,0,0,2162,211,0
,85-89 years,6,15,0,0,0,1451,186,0
,90-94 years,6,0,0,0,0,598,80,0
,95-99 years,4,0,0,0,0,141,19,0
,100 years and over,0,0,0,0,0,18,0,0
21201,0-4 years,0,0,0,0,0,0,0,7828
,5-9 years,0,0,0,0,0,0,0,7282
,10-14 years,0,0,0,0,0,0,0,6641
,15-19 years,610,1753,156,172,432,2814,305,0
,20-24 years,2506,1605,217,248,157,866,338,0
,25-29 years,3513,1151,330,171,112,906,328,0
,30-34 years,3623,1501,365,135,93,1101,375,0
,35-39 years,3336,1463,247,117,88,977,332,0
,40-44 years,3456,1560,198,124,87,866,381,0
,45-49 years,3598,1463,216,107,65,784,378,0
,50-54 years,3113,1247,212,118,51,820,339,0
,55-59 years,2359,1086,207,112,47,1126,346,0
,60-64 years,1293,940,132,61,60,1614,272,0
,65-69 years,448,501,67,11,14,2695,262,0
,70-74 years,150,181,29,3,5,2343,214,0
,75-79 years,43,74,14,0,0,1624,178,0
,80-84 years,20,25,10,0,0,1032,124,0
,85-89 years,0,11,6,0,0,667,103,0
,90-94 years,3,0,3,0,0,265,30,0
,95-99 years,6,5,0,0,0,62,10,0
,100 years and over,0,0,0,0,0,8,0,0
21202,0-4 years,0,0,0,0,0,0,0,8788
,5-9 years,0,0,0,0,0,0,0,9161
,10-14 years,0,0,0,0,0,0,0,8789
,15-19 years,530,2515,186,185,775,4970,348,0
,20-24 years,3070,2823,316,465,411,1730,431,0
,25-29 years,4243,1375,328,320,148,1447,403,0
,30-34 years,4362,1663,432,284,129,1679,430,0
,35-39 years,4399,1834,324,251,152,1633,320,0
,40-44 years,4689,2056,276,237,126,1548,374,0
,45-49 years,4957,2022,253,215,124,1544,373,0
,50-54 years,4744,1768,271,229,100,1582,405,0
,55-59 years,3716,1566,244,174,107,2089,338,0
,60-64 years,2125,1262,203,122,75,2800,273,0
,65-69 years,625,568,93,21,32,3903,317,0
,70-74 years,135,203,43,0,9,3249,204,0
,75-79 years,28,61,13,0,3,2636,201,0
,80-84 years,7,20,9,0,0,1874,174,0
,85-89 years,8,9,5,0,0,1195,121,0
,90-94 years,0,0,0,0,0,508,52,0
,95-99 years,0,0,0,0,0,125,10,0
,100 years and over,0,0,0,0,0,11,3,0
21203,0-4 years,0,0,0,0,0,0,0,14986
,5-9 years,0,0,0,0,0,0,0,14143
,10-14 years,0,0,0,0,0,0,0,11984
,15-19 years,739,2880,194,289,983,5840,505,0
,20-24 years,4082,3006,439,616,473,2193,616,0
,25-29 years,6123,2132,566,441,189,2057,679,0
,30-34 years,7450,2812,722,401,209,2629,777,0
,35-39 years,7253,2768,469,356,189,2203,734,0
,40-44 years,6652,2594,374,339,198,1883,641,0
,45-49 years,6078,2289,301,257,134,1732,581,0
,50-54 years,5155,1704,325,226,118,1721,529,0
,55-59 years,3714,1524,255,183,114,2178,489,0
,60-64 years,2079,1032,211,100,74,2637,415,0
,65-69 years,554,508,79,20,23,3704,350,0
,70-74 years,101,181,26,3,10,3056,280,0
,75-79 years,25,72,12,0,0,2048,225,0
,80-84 years,8,23,0,0,0,1339,157,0
,85-89 years,11,0,3,0,0,782,125,0
,90-94 years,0,0,0,0,0,313,65,0
,95-99 years,8,6,0,0,0,74,12,0
,100 years and over,3,0,0,0,0,9,3,0
21204,0-4 years,0,0,0,0,0,0,0,12401
,5-9 years,0,0,0,0,0,0,0,10734
,10-14 years,0,0,0,0,0,0,0,9830
,15-19 years,333,2223,178,196,875,6645,484,0
,20-24 years,3390,4396,469,767,752,4095,767,0
,25-29 years,6852,3089,578,736,370,3449,952,0
,30-34 years,7667,2794,642,644,273,3431,964,0
,35-39 years,6051,2370,483,521,221,2961,697,0
,40-44 years,5443,2233,330,437,198,2562,653,0
,45-49 years,5199,2067,348,420,191,2615,600,0
,50-54 years,4694,1819,312,380,181,2851,572,0
,55-59 years,3873,1658,277,292,161,3604,585,0
,60-64 years,2394,1369,233,210,131,4664,496,0
,65-69 years,848,732,116,23,47,6414,553,0
,70-74 years,179,272,41,5,19,5728,465,0
,75-79 years,32,79,24,0,3,4609,412,0
,80-84 years,12,26,9,0,0,3476,405,0
,85-89 years,5,6,4,0,0,2220,266,0
,90-94 years,0,5,0,0,0,869,120,0
,95-99 years,0,0,0,0,0,200,34,0
,100 years and over,0,0,0,0,0,26,7,0
21205,0-4 years,0,0,0,0,0,0,0,8810
,5-9 years,0,0,0,0,0,0,0,9500
,10-14 years,0,0,0,0,0,0,0,9271
,15-19 years,191,2615,225,85,1001,7438,426,0
,20-24 years,2609,4748,439,382,1215,7101,743,0
,25-29 years,6121,2665,399,496,394,2766,712,0
,30-34 years,6331,2195,585,399,222,1908,590,0
,35-39 years,5671,2193,367,257,207,1777,484,0
,40-44 years,5880,2521,279,295,205,1737,493,0
,45-49 years,6125,2522,290,270,191,1776,462,0
,50-54 years,5459,2084,260,263,155,1806,416,0
,55-59 years,4164,1872,235,218,99,2310,361,0
,60-64 years,2401,1666,202,125,103,3542,358,0
,65-69 years,887,1007,117,25,35,5455,341,0
,70-74 years,241,484,63,9,12,5679,348,0
,75-79 years,54,207,33,0,7,5406,377,0
,80-84 years,22,51,20,0,3,4214,344,0
,85-89 years,15,23,11,0,0,2764,341,0
,90-94 years,4,3,6,0,0,1225,209,0
,95-99 years,3,3,0,0,0,246,41,0
,100 years and over,0,0,0,0,0,26,9,0
21301,0-4 years,0,0,0,0,0,0,0,12521
,5-9 years,0,0,0,0,0,0,0,11246
,10-14 years,0,0,0,0,0,0,0,10650
,15-19 years,402,2446,211,274,972,6825,597,0
,20-24 years,3591,4519,524,800,774,3533,908,0
,25-29 years,6618,2921,640,746,377,3054,1015,0
,30-34 years,6740,2565,686,643,271,3236,985,0
,35-39 years,5794,2304,511,561,257,2745,782,0
,40-44 years,5474,2346,429,516,283,2548,699,0
,45-49 years,5359,2258,393,516,263,2629,706,0
,50-54 years,4942,2123,392,474,220,2775,665,0
,55-59 years,3967,1915,327,361,234,3661,689,0
,60-64 years,2342,1328,249,243,180,5025,582,0
,65-69 years,655,587,101,22,36,6499,625,0
,70-74 years,111,165,25,9,5,5121,468,0
,75-79 years,20,44,19,0,4,3818,381,0
,80-84 years,9,15,6,3,0,2678,327,0
,85-89 years,0,0,0,0,0,1528,251,0
,90-94 years,0,0,0,0,0,629,122,0
,95-99 years,9,0,0,0,0,106,32,0
,100 years and over,0,0,0,0,0,13,4,0
21302,0-4 years,0,0,0,0,0,0,0,5708
,5-9 years,0,0,0,0,0,0,0,5418
,10-14 years,0,0,0,0,0,0,0,4421
,15-19 years,172,1222,82,86,293,2373,175,0
,20-24 years,1467,1524,158,234,204,892,246,0
,25-29 years,3035,932,209,219,105,690,342,0
,30-34 years,3553,1005,333,172,77,873,361,0
,35-39 years,3399,1233,295,135,69,898,314,0
,40-44 years,3415,1385,206,162,87,875,333,0
,45-49 years,3344,1323,182,174,66,872,291,0
,50-54 years,3151,1139,173,161,68,877,310,0
,55-59 years,2477,1025,138,127,78,1299,297,0
,60-64 years,1258,751,132,89,59,1871,233,0
,65-69 years,378,363,57,3,13,2725,228,0
,70-74 years,76,164,32,0,6,2361,192,0
,75-79 years,23,45,4,0,3,2013,197,0
,80-84 years,10,14,3,0,0,1674,180,0
,85-89 years,4,3,3,0,0,1109,128,0
,90-94 years,0,0,0,0,0,454,56,0
,95-99 years,3,4,0,0,0,124,6,0
,100 years and over,0,0,0,0,0,7,0,0
21303,0-4 years,0,0,0,0,0,0,0,5674
,5-9 years,0,0,0,0,0,0,0,4301
,10-14 years,0,0,0,0,0,0,0,3214
,15-19 years,106,854,66,47,335,2008,218,0
,20-24 years,1543,2412,193,286,521,1782,514,0
,25-29 years,4528,2165,302,358,256,1302,660,0
,30-34 years,5148,1671,413,283,133,1157,641,0
,35-39 years,4013,1515,334,228,104,1005,535,0
,40-44 years,3368,1237,192,196,92,830,420,0
,45-49 years,2723,1058,135,205,92,819,370,0
,50-54 years,2190,828,127,177,72,823,299,0
,55-59 years,1603,751,108,142,80,1121,267,0
,60-64 years,834,477,61,88,56,1427,228,0
,65-69 years,233,223,30,4,20,1730,163,0
,70-74 years,58,59,19,0,3,1323,157,0
,75-79 years,18,28,8,0,0,1233,140,0
,80-84 years,4,5,0,0,0,1009,149,0
,85-89 years,3,4,0,0,0,743,138,0
,90-94 years,3,0,0,0,0,316,71,0
,95-99 years,5,0,0,0,0,76,15,0
,100 years and over,0,0,0,0,0,3,3,0
21304,0-4 years,0,0,0,0,0,0,0,12717
,5-9 years,0,0,0,0,0,0,0,13220
,10-14 years,0,0,0,0,0,0,0,11254
,15-19 years,715,2739,211,281,734,4981,456,0
,20-24 years,3314,2483,350,610,352,1950,566,0
,25-29 years,5289,1639,454,462,180,2047,624,0
,30-34 years,5985,2181,603,338,169,2392,696,0
,35-39 years,6347,2477,507,311,191,2398,670,0
,40-44 years,6461,2479,344,347,201,1962,645,0
,45-49 years,5491,2029,318,294,132,1787,573,0
,50-54 years,4293,1601,316,218,94,1678,524,0
,55-59 years,3185,1372,268,188,89,2085,411,0
,60-64 years,1905,1094,200,135,109,3044,438,0
,65-69 years,522,483,70,15,20,4267,394,0
,70-74 years,91,155,19,0,3,3115,267,0
,75-79 years,18,30,9,0,0,1941,207,0
,80-84 years,8,5,6,0,0,1231,127,0
,85-89 years,0,0,0,0,0,732,76,0
,90-94 years,0,0,0,0,0,293,28,0
,95-99 years,4,0,0,0,0,61,4,0
,100 years and over,0,0,0,0,0,6,0,0
21305,0-4 years,0,0,0,0,0,0,0,21735
,5-9 years,0,0,0,0,0,0,0,18646
,10-14 years,0,0,0,0,0,0,0,14239
,15-19 years,618,3169,236,340,1043,6998,589,0
,20-24 years,4051,4063,490,845,698,2939,755,0
,25-29 years,8173,3224,719,821,406,3713,1009,0
,30-34 years,12042,3958,1074,815,449,4417,1267,0
,35-39 years,11004,3622,773,630,340,3481,1013,0
,40-44 years,8749,2956,488,507,276,2603,815,0
,45-49 years,7507,2620,389,411,217,2151,695,0
,50-54 years,6059,2095,349,351,144,2290,645,0
,55-59 years,4395,1716,311,263,144,2740,541,0
,60-64 years,2362,1218,209,190,109,3708,486,0
,65-69 years,672,640,91,19,35,4701,453,0
,70-74 years,113,186,33,7,7,3514,310,0
,75-79 years,19,35,16,0,4,2466,257,0
,80-84 years,5,17,7,0,0,1529,188,0
,85-89 years,9,5,0,0,0,839,147,0
,90-94 years,0,0,4,0,0,313,86,0
,95-99 years,4,5,0,0,0,51,20,0
,100 years and over,5,0,0,0,0,4,3,0
21401,0-4 years,0,0,0,0,0,0,0,9014
,5-9 years,0,0,0,0,0,0,0,8329
,10-14 years,0,0,0,0,0,0,0,7687
,15-19 years,629,2528,185,211,592,3434,430,0
,20-24 years,3231,2392,305,431,259,1362,534,0
,25-29 years,4696,1523,392,306,143,1227,554,0
,30-34 years,4854,1903,495,216,119,1447,609,0
,35-39 years,4452,1969,370,212,125,1415,532,0
,40-44 years,4800,2096,290,253,145,1353,558,0
,45-49 years,4995,2066,281,223,116,1436,580,0
,50-54 years,4558,1915,281,234,115,1517,525,0
,55-59 years,3852,1799,301,221,108,1893,523,0
,60-64 years,2221,1455,238,149,104,2786,451,0
,65-69 years,669,861,121,13,43,4523,456,0
,70-74 years,156,294,45,7,16,4148,362,0
,75-79 years,44,76,11,0,4,3151,336,0
,80-84 years,10,20,6,0,0,2256,279,0
,85-89 years,4,6,5,0,0,1521,193,0
,90-94 years,3,3,5,0,0,598,137,0
,95-99 years,3,3,0,0,0,177,24,0
,100 years and over,0,0,0,0,0,20,0,0
21402,0-4 years,0,0,0,0,0,0,0,8005
,5-9 years,0,0,0,0,0,0,0,9598
,10-14 years,0,0,0,0,0,0,0,9228
,15-19 years,859,3000,264,171,544,3715,396,0
,20-24 years,3076,2257,278,270,150,985,396,0
,25-29 years,3388,1348,304,173,89,887,373,0
,30-34 years,3323,1557,373,127,84,1100,368,0
,35-39 years,3630,2012,336,135,112,1214,385,0
,40-44 years,4831,2704,309,206,111,1377,545,0
,45-49 years,5425,2795,346,193,122,1483,544,0
,50-54 years,5058,2510,324,187,103,1583,577,0
,55-59 years,4265,2594,419,187,119,2340,548,0
,60-64 years,2659,2368,374,152,136,4205,643,0
,65-69 years,1025,1596,232,19,53,7683,714,0
,70-74 years,304,707,109,10,38,7770,644,0
,75-79 years,76,252,36,3,6,6226,605,0
,80-84 years,25,64,15,0,4,4337,526,0
,85-89 years,7,21,9,0,0,2847,351,0
,90-94 years,0,7,3,0,0,1189,197,0
,95-99 years,9,5,0,0,0,324,54,0
,100 years and over,0,5,0,0,0,27,4,0
